{
  "project_info": {
    "project_number": "763255652440",
    "firebase_url": "https://madproject-group33.firebaseio.com",
    "project_id": "madproject-group33",
    "storage_bucket": "madproject-group33.appspot.com"
  },
  "client": [
    {
      "client_info": {
        "mobilesdk_app_id": "1:763255652440:android:5f272c643c5d9619",
        "android_client_info": {
          "package_name": "fr.antoinebaudot.lab1mad"
        }
      },
      "oauth_client": [
        {
          "client_id": "763255652440-r9scbuekpn38u97ecl5o66kevh02ou6n.apps.googleusercontent.com",
          "client_type": 3
        }
      ],
      "api_key": [
        {
          "current_key": "AIzaSyB7JgJRNlPifIVAP8PRwRLMpatLjO5WT8E"
        }
      ],
      "services": {
        "analytics_service": {
          "status": 1
        },
        "appinvite_service": {
          "status": 1,
          "other_platform_oauth_client": []
        },
        "ads_service": {
          "status": 2
        }
      }
    }
  ],
  "configuration_version": "1"
}